﻿ID ,Name,Department,Age,Gender,Title
D1,Pat L,Design,30,M,
E1,Chris T,Exec,37,M,CTO
E2,Art Y,Exec,27,M,CEO
E3,Briley H,Exec,27,F,COO
F1,Lee Y,Finance,38,F,
F2,Wyndham R,Finance,48,M,VP of Finance
H1,Sam J,HR,41,M,VP of HR
H2,Nikki C,HR,40,F,
M1,Oliver H,Marketing,30,M,
M2,Taylor S,Marketing,40,F,
M3,Ivy S,Marketing,29,F,
M4,Quinn R,Marketing,37,F,
O1,Morgan F,Operations,36,M,
O2,Jesse M,Operations,48,M,
R1,Alex M,R&D,35,M,
R2,Jamie W,R&D,40,M,
R3,Kim K,R&D,38,F,
R4,Erin B,R&D,35,F,
R5,Robin K,R&D,29,F,
S1,Dana P,Sales,28,F,
S3,Eva D,Sales,27,F,
S4,Casey S,Sales,33,M,VP of Sales and Marketing
Sec1,Jordan D,Security,44,M,
Sec2,Max T,Security,35,M,A Spy
