﻿ID ,Name,Department,Age,Gender,Title
D1_nxs,Pat L,Design,30,M,
E1_nxs,Chris T,Exec,37,M,CTO
E2_nxs,Art Y,Exec,27,M,CEO
E3_nxs,Briley H,Exec,27,F,COO
F1_nxs,Lee Y,Finance,38,F,
F2_nxs,Wyndham R,Finance,48,M,VP of Finance
H1_nxs,Sam J,HR,41,M,VP of HR
H2_nxs,Nikki C,HR,40,F,
M1_nxs,Oliver H,Marketing,30,M,
M2_nxs,Taylor S,Marketing,40,F,
M3_nxs,Ivy S,Marketing,29,F,
M4_nxs,Quinn R,Marketing,37,F,
O1_nxs,Morgan F,Operations,36,M,
O2_nxs,Jesse M,Operations,48,M,FIRED
R1_nxs,Alex M,R&D,35,M,
R2_nxs,Jamie W,R&D,40,M,
R3_nxs,Kim K,R&D,38,F,
R4_nxs,Erin B,R&D,35,F,
R5_nxs,Robin K,R&D,29,F,
S1_nxs,Dana P,Sales,28,F,
S3_nxs,Eva D,Sales,27,F,
S4_nxs,Casey S,Sales,33,M,VP of Sales and Marketing
Sec1_nxs,Jordan D,Security,44,M,
Sec2_nxs,Max T,Security,35,M,A Spy
Ex1_oko,Wynona L,Exec,28,F,CEO/COO
Ex2_oko,Dave G,Exec,27,M,CFO
Ex3_oko,Hiroshi T,Exec,27,M,CTO
R1_oko,Adam S,R&D,35,M,
R2_oko,Emily W,R&D,30,F,
Sec1_oko,Micheal S,Security,34,M,
M1_oko,Mark P,Marketing,35,M,VP of Sales and Marketing
S1_oko,Alex V,Sales,28,M,
M2_oko,Riley N,Marketing,28,F,
D1_oko,Raghav C,ML Engineer,30,M,DevOps
D2_oko,Sarah H,ML Engineer,30,F,DevOps
R3_oko,Lex L,R&D,34,M,
S2_oko,James D,Sales,28,M,
S3_oko,Kiril K,Sales,30,M,
M3_oko,Tyler K,Marketing,39,M,
