﻿Individual,Event,weight
E2_nxs,E1,1
E3_nxs,E1,1
E1_nxs,E1,1
F2_nxs,E1,1
Ex2_oko,E1,1
Ex1_oko,E1,1
Ex3_oko,E1,1
E1_nxs,E2,1
R3_nxs,E2,1
E2_nxs,E2,1
R1_oko,E2,1
R2_oko,E2,1
Sec1_oko,E2,1
E3_nxs,E3,1
S4_nxs,E3,1
Ex1_oko,E3,1
M1_oko,E3,1
E2_nxs,E3,1
E2_nxs,E4,1
E3_nxs,E4,1
F2_nxs,E4,1
F1_nxs,E4,1
Ex2_oko,E4,1
E2_nxs,E5,1
S4_nxs,E5,1
M1_oko,E5,1
S1_oko,E5,1
M2_oko,E5,1
H1_nxs,E6,1
H2_nxs,E6,1
E2_nxs,E6,1
Ex1_oko,E6,1
Ex1_oko,E7,1
D1_oko,E7,1
D2_oko,E7,1
R3_oko,E7,1
R5_nxs,E7,1
E2_nxs,E8,1
Sec2_nxs,E8,1
Ex1_oko,E8,1
S4_nxs,E9,1
S3_nxs,E9,1
M3_nxs,E9,1
M1_oko,E9,1
S2_oko,E9,1
S3_oko,E9,1
M3_oko,E9,1
R5_nxs,E10,1
R3_nxs,E10,1
E1_nxs,E10,1
Ex3_oko,E10,1
R1_oko,E10,1
D2_oko,E10,1
