﻿From,To,weight
E2_nxs,E3_nxs,2
E2_nxs,E1_nxs,1
E2_nxs,F2_nxs,2
E2_nxs,Ex2_oko,2
E2_nxs,Ex1_oko,2
E2_nxs,Ex3_oko,1
E3_nxs,E2_nxs,3
E3_nxs,E1_nxs,1
E3_nxs,F2_nxs,2
E3_nxs,Ex2_oko,2
E3_nxs,Ex1_oko,2
E3_nxs,Ex3_oko,1
E1_nxs,E2_nxs,2
E1_nxs,E3_nxs,1
E1_nxs,F2_nxs,1
E1_nxs,Ex2_oko,1
E1_nxs,Ex1_oko,1
E1_nxs,Ex3_oko,2
F2_nxs,E2_nxs,2
F2_nxs,E3_nxs,2
F2_nxs,E1_nxs,1
F2_nxs,Ex2_oko,2
F2_nxs,Ex1_oko,1
F2_nxs,Ex3_oko,1
Ex2_oko,E2_nxs,2
Ex2_oko,E3_nxs,2
Ex2_oko,E1_nxs,1
Ex2_oko,F2_nxs,2
Ex2_oko,Ex1_oko,1
Ex2_oko,Ex3_oko,1
Ex1_oko,E2_nxs,1
Ex1_oko,E3_nxs,2
Ex1_oko,E1_nxs,1
Ex1_oko,F2_nxs,1
Ex1_oko,Ex2_oko,1
Ex1_oko,Ex3_oko,1
Ex3_oko,E2_nxs,1
Ex3_oko,E3_nxs,1
Ex3_oko,E1_nxs,1
Ex3_oko,F2_nxs,1
Ex3_oko,Ex2_oko,1
Ex3_oko,Ex1_oko,1
E1_nxs,R3_nxs,1
E1_nxs,R1_oko,2
E1_nxs,R2_oko,1
E1_nxs,Sec1_oko,1
R3_nxs,E1_nxs,1
R3_nxs,R1_oko,2
R3_nxs,R2_oko,1
R3_nxs,Sec1_oko,1
R1_oko,E1_nxs,1
R1_oko,R3_nxs,1
R1_oko,R2_oko,1
R1_oko,Sec1_oko,1
R2_oko,E1_nxs,1
R2_oko,R3_nxs,1
R2_oko,R1_oko,1
R2_oko,Sec1_oko,1
Sec1_oko,E1_nxs,1
Sec1_oko,R3_nxs,1
Sec1_oko,R1_oko,1
Sec1_oko,R2_oko,1
R3_nxs,E2_nxs,1
E3_nxs,S4_nxs,1
E3_nxs,M1_oko,1
S4_nxs,E3_nxs,1
S4_nxs,Ex1_oko,1
S4_nxs,M1_oko,2
Ex1_oko,S4_nxs,1
Ex1_oko,M1_oko,1
M1_oko,E3_nxs,1
M1_oko,S4_nxs,2
M1_oko,Ex1_oko,1
S4_nxs,E2_nxs,1
E2_nxs,F1_nxs,1
E3_nxs,F1_nxs,1
F2_nxs,F1_nxs,1
F1_nxs,E2_nxs,1
F1_nxs,E3_nxs,1
F1_nxs,F2_nxs,1
F1_nxs,Ex2_oko,1
Ex2_oko,F1_nxs,1
M1_oko,E2_nxs,1
S1_oko,E2_nxs,1
S1_oko,S4_nxs,1
M2_oko,E2_nxs,1
M2_oko,S4_nxs,1
H1_nxs,Ex1_oko,1
H2_nxs,Ex1_oko,1
Ex1_oko,D1_oko,1
Ex1_oko,D2_oko,1
Ex1_oko,R5_nxs,1
Ex1_oko,R3_oko,1
E2_nxs,Sec2_nxs,1
Ex1_oko,Sec2_nxs,1
Sec2_nxs,E2_nxs,1
Sec2_nxs,Ex1_oko,1
S4_nxs,S2_oko,1
S4_nxs,S3_oko,1
S4_nxs,M3_oko,1
S3_nxs,M1_oko,1
S3_nxs,S2_oko,1
S3_nxs,S3_oko,1
S3_nxs,M3_oko,1
M3_nxs,M1_oko,1
M3_nxs,S2_oko,1
M3_nxs,S3_oko,1
M3_nxs,M3_oko,1
R5_nxs,Ex3_oko,1
R5_nxs,R1_oko,1
R5_nxs,D2_oko,1
R3_nxs,Ex3_oko,1
R3_nxs,D2_oko,1
E1_nxs,D2_oko,1
