﻿From ,To,Weight
S4_nxs,CEO1,1
Ex1_oko,CEO1,1
E2_nxs,CEO1,1
S4_nxs,Ex1_oko,1
S4_nxs,E2_nxs,1
VP_R&D1,R3_nxs,1
R3_nxs,VP_R&D1,1
R3_nxs,M3_oko,1
M3_oko,R3_nxs,1
VP_Operations1,O1_nxs,1
O1_nxs,VP_Operations1,1
S3_oko,O1_nxs,1
S3_oko,VP_Operations1,1
CEO1,S3_nxs,1
CEO1,S4_nxs,1
S4_nxs,S3_nxs,1
S3_nxs,CEO1,1
S3_nxs,S4_nxs,1
CEO1,E1_nxs,1
E1_nxs,CEO1,1
E1_nxs,R2_oko,1
R2_oko,E1_nxs,1
CEO1,M1_nxs,1
CEO1,M2_nxs,1
CEO1,M4_nxs,1
CEO1,S1_oko,1
CEO1,S2_oko,1
CEO1,O2_nxs,1
H2_nxs,M1_nxs,1
H2_nxs,M2_nxs,1
H2_nxs,M4_nxs,1
H2_nxs,S1_oko,1
H2_nxs,S2_oko,1
H2_nxs,O2_nxs,1
R4_nxs,S1_nxs,1
R4_nxs,S3_nxs,1
R4_nxs,Sec1_nxs,1
R4_nxs,R1_oko,1
R4_nxs,Sec1_oko,1
R4_nxs,M2_oko,1
R4_nxs,M3_oko,1
S1_nxs,R4_nxs,1
S1_nxs,S3_nxs,1
S1_nxs,Sec1_nxs,1
S1_nxs,R1_oko,1
S1_nxs,Sec1_oko,1
S1_nxs,M2_oko,1
S1_nxs,M3_oko,1
S3_nxs,R4_nxs,1
S3_nxs,S1_nxs,1
S3_nxs,Sec1_nxs,1
S3_nxs,R1_oko,1
S3_nxs,Sec1_oko,1
S3_nxs,M2_oko,1
S3_nxs,M3_oko,1
Sec1_nxs,R4_nxs,1
Sec1_nxs,S1_nxs,1
Sec1_nxs,S3_nxs,1
Sec1_nxs,R1_oko,1
Sec1_nxs,Sec1_oko,1
Sec1_nxs,M2_oko,1
Sec1_nxs,M3_oko,1
R1_oko,R4_nxs,1
R1_oko,S1_nxs,1
R1_oko,S3_nxs,1
R1_oko,Sec1_nxs,1
R1_oko,Sec1_oko,1
R1_oko,M2_oko,1
R1_oko,M3_oko,1
Sec1_oko,R4_nxs,1
Sec1_oko,S1_nxs,1
Sec1_oko,S3_nxs,1
Sec1_oko,Sec1_nxs,1
Sec1_oko,R1_oko,1
Sec1_oko,M2_oko,1
Sec1_oko,M3_oko,1
M2_oko,R4_nxs,1
M2_oko,S1_nxs,1
M2_oko,S3_nxs,1
M2_oko,Sec1_nxs,1
M2_oko,R1_oko,1
M2_oko,Sec1_oko,1
M2_oko,M3_oko,1
M3_oko,R4_nxs,1
M3_oko,S1_nxs,1
M3_oko,S3_nxs,1
M3_oko,Sec1_nxs,1
M3_oko,R1_oko,1
M3_oko,Sec1_oko,1
M3_oko,M2_oko,1
E2_nxs,Ex3_oko,1
Ex1_oko,Ex3_oko,1
Ex3_oko,R5_nxs,1
Ex3_oko,D1_oko,1
Ex3_oko,D2_oko,1
Ex3_oko,R3_oko,1
R5_nxs,E2_nxs,1
R5_nxs,Ex1_oko,1
D1_oko,E2_nxs,1
D1_oko,Ex1_oko,1
D2_oko,E2_nxs,1
D2_oko,Ex1_oko,1
R3_oko,E2_nxs,1
R3_oko,Ex1_oko,1
CEO1,Ex2_oko,1
H2_nxs,Ex2_oko,1
F2_nxs,Ex2_oko,1
CEO1,M1_oko,1
H1_nxs,M1_oko,1
S4_nxs,M1_oko,1
