﻿From,To,weight
E1_nxs,D1_nxs,2
E1_nxs,R5_nxs,1
E1_nxs,R2_nxs,1
E1_nxs,Sec2_nxs,2
E2_nxs,E1_nxs,2
E2_nxs,F2_nxs,1
E2_nxs,H1_nxs,2
E2_nxs,S4_nxs,2
E2_nxs,D1_nxs,1
E2_nxs,R3_nxs,1
E2_nxs,E3_nxs,1
E3_nxs,E1_nxs,1
E3_nxs,F2_nxs,1
E3_nxs,H1_nxs,1
E3_nxs,S4_nxs,1
E3_nxs,Sec2_nxs,1
F1_nxs,O1_nxs,1
H1_nxs,R5_nxs,1
H1_nxs,R2_nxs,1
H1_nxs,Sec2_nxs,1
H2_nxs,R1_nxs,1
H2_nxs,O2_nxs,1
M2_nxs,D1_nxs,1
M3_nxs,M1_nxs,1
R1_nxs,R2_nxs,1
R1_nxs,R3_nxs,1
R1_nxs,Sec1_nxs,1
R2_nxs,R1_nxs,1
R3_nxs,O1_nxs,1
R3_nxs,Sec1_nxs,1
R4_nxs,R1_nxs,1
R4_nxs,R3_nxs,1
R4_nxs,Sec1_nxs,1
R4_nxs,E1_nxs,1
R5_nxs,R2_nxs,1
Sec1_nxs,E1_nxs,1
Sec1_nxs,Sec2_nxs,1
M4_nxs,S4_nxs,2
S4_nxs,M3_nxs,4
S4_nxs,M4_nxs,2
S4_nxs,Sec2_nxs,2
M3_nxs,Sec2_nxs,2
S3_nxs,Sec2_nxs,2
S4_nxs,S3_nxs,2
M3_nxs,S4_nxs,2
M3_nxs,S3_nxs,2
S3_nxs,S4_nxs,2
S3_nxs,M3_nxs,2
F2_nxs,F1_nxs,2
F2_nxs,Sec2_nxs,2
O1_nxs,F1_nxs,2
O1_nxs,Sec2_nxs,2
