﻿ID ,Name,Department,Age,Gender,Title,PositionLvl,AgeLvl
D1_nxs,Pat L,Design,30,M,,3,3
E1_nxs,Chris T,Exec,37,M,CTO,1,3
E2_nxs,Art Y,Exec,27,M,co-head of SP,1,2
E3_nxs,Briley H,Exec,27,F,COO,1,2
F1_nxs,Lee Y,Finance,38,F,,3,3
F2_nxs,Wyndham R,Finance,48,M,CFO,1,4
H1_nxs,Sam J,HR,41,M,VP of HR,2,4
H2_nxs,Nikki C,HR,40,F,,4,4
M1_nxs,Oliver H,Sales & Marketing,30,M,FIRED,0,3
M2_nxs,Taylor S,Sales & Marketing,40,F,FIRED,0,4
M3_nxs,Ivy S,Sales & Marketing,29,F,,4,2
M4_nxs,Quinn R,Sales & Marketing,37,F,Fired,0,3
O1_nxs,Morgan F,Operations,36,M,,4,3
O2_nxs,Jesse M,Operations,48,M,FIRED,0,4
R1_nxs,Alex M,R&D,35,M,,4,3
R2_nxs,Jamie W,R&D,40,M,,4,4
R3_nxs,Kim K,R&D,38,F,,3,3
R4_nxs,Erin B,R&D,35,F,,4,3
R5_nxs,Robin K,R&D,29,F,part of SP,3,2
S1_nxs,Dana P,Sales & Marketing,28,F,,4,2
S3_nxs,Eva D,Sales & Marketing,27,F,,4,2
S4_nxs,Casey S,Sales & Marketing,33,M,VP of Sales and Marketing,2,3
Sec1_nxs,Jordan D,Security,44,M,,4,4
Sec2_nxs,Max T,Security,35,M,A Spy,3,3
Ex1_oko,Wynona L,Exec,28,F,co-head of SP,1,2
Ex2_oko,Dave G,Exec,27,M,,3,2
Ex3_oko,Hiroshi T,Exec,27,M,as lead scientist at special projects,1,2
R1_oko,Adam S,R&D,35,M,,4,3
R2_oko,Emily W,R&D,30,F,,3,3
Sec1_oko,Micheal S,Security,34,M,,4,3
M1_oko,Mark P,Sales & Marketing,35,M,,3,3
S1_oko,Alex V,Sales & Marketing,28,M,FIRED,0,2
M2_oko,Riley N,Sales & Marketing,28,F,,4,2
D1_oko,Raghav C,ML Engineer,30,M,DevOps - SP,3,3
D2_oko,Sarah H,ML Engineer,30,F,DevOps - SP,3,3
R3_oko,Lex L,R&D,34,M,part of SP,3,3
S2_oko,James D,Sales & Marketing,28,M,FIRED,0,2
S3_oko,Kiril K,Sales & Marketing,30,M,,3,3
M3_oko,Tyler K,Sales & Marketing,39,M,,4,3
CEO1,Dr. Ryan S. ,Exec,38,M,,1,3
VP_R&D1,Ava L. ,R&D,38,F,VP of R&D,2,3
VP_Operations1,Michael B. ,Operations,42,M,VP of Operations,2,4
